site_id,site_name,emitter_id,lat,lon,echelon,mobility,affiliation,confidence,last_seen_days,status
SITE-001,Zelenogradsk-9,EMT-014,55.531,19.5502,battery,fixed,NEUTRAL,probable,30,active
SITE-002,Chernyakhovsk-3,EMT-003,55.0744,18.6385,battery,fixed,RED,possible,3,active
SITE-003,Mamonovo-6,EMT-020,54.8225,20.1142,regiment,mobile,RED,possible,5,dormant
SITE-004,Mamonovo-2,EMT-021,56.4417,24.5893,battalion,fixed,RED,confirmed,1,active
SITE-005,Chekhovo-5,EMT-006,55.0369,19.6554,site,fixed,BLUE,confirmed,7,intermittent
SITE-006,Gvardeysk-8,EMT-009,54.2953,21.039,regiment,fixed,RED,possible,1,dormant
SITE-007,Chekhovo-3,EMT-002,55.0074,21.8838,regiment,fixed,RED,confirmed,5,active
SITE-008,Donskoye-5,EMT-021,55.33,20.7539,regiment,fixed,NEUTRAL,confirmed,14,intermittent
SITE-009,Pionersky-7,EMT-024,54.8103,21.501,regiment,mobile,NEUTRAL,confirmed,14,active
SITE-010,Chernyakhovsk-6,EMT-019,55.2976,20.3048,site,mobile,RED,probable,14,active
SITE-011,Mamonovo-3,EMT-023,54.2053,21.3571,regiment,mobile,NEUTRAL,confirmed,0,active
SITE-012,Sovetsk-3,EMT-011,56.0347,19.4646,battery,fixed,RED,confirmed,3,active
SITE-013,Sovetsk-3,EMT-011,54.7817,20.473,site,fixed,RED,confirmed,5,active
SITE-014,Kaliningrad-2,EMT-018,54.4322,20.3618,site,fixed,RED,possible,7,active
SITE-015,Donskoye-8,EMT-003,54.8127,20.7724,battalion,fixed,RED,confirmed,3,active
SITE-016,Sovetsk-7,EMT-008,54.8483,20.6923,battalion,mobile,NEUTRAL,confirmed,14,dormant
SITE-017,Donskoye-8,EMT-013,55.194,21.056,site,mobile,RED,confirmed,14,intermittent
SITE-018,Pionersky-1,EMT-020,59.0269,24.7296,battery,mobile,RED,possible,3,active
SITE-019,Yantarny-5,EMT-011,54.4899,20.4394,battalion,fixed,RED,possible,14,active
SITE-020,Zelenogradsk-1,EMT-024,54.7377,19.7427,site,fixed,RED,confirmed,14,intermittent
SITE-021,Zelenogradsk-4,EMT-017,54.3995,19.691,regiment,fixed,RED,confirmed,5,dormant
SITE-022,Sovetsk-8,EMT-010,54.3427,20.3429,battery,fixed,RED,probable,3,active
SITE-023,Kaliningrad-7,EMT-003,55.2907,20.7601,battery,fixed,RED,probable,3,active
SITE-024,Chekhovo-7,EMT-009,54.402,20.503,battalion,fixed,NEUTRAL,possible,0,active
SITE-025,Zelenogradsk-8,EMT-003,59.7316,27.9167,site,fixed,RED,confirmed,0,intermittent
SITE-026,Baltiysk-2,EMT-002,56.4902,27.7071,regiment,fixed,NEUTRAL,probable,7,active
SITE-027,Chekhovo-7,EMT-004,54.8366,20.5341,battalion,mobile,RED,probable,2,active
SITE-028,Baltiysk-7,EMT-016,54.382,20.1149,regiment,fixed,BLUE,confirmed,7,intermittent
SITE-029,Donskoye-1,EMT-013,54.8262,19.3292,regiment,mobile,RED,possible,14,active
SITE-030,Mamonovo-7,EMT-015,55.4312,19.6224,battalion,mobile,RED,confirmed,1,active
SITE-031,Primorsk-1,EMT-023,55.0338,20.7791,regiment,mobile,BLUE,possible,7,dormant
SITE-032,Donskoye-8,EMT-001,54.172,20.4307,regiment,fixed,RED,probable,0,dormant
SITE-033,Chekhovo-9,EMT-017,54.3839,20.7938,battery,fixed,RED,possible,2,intermittent
SITE-034,Gvardeysk-3,EMT-022,54.4744,20.2589,battery,mobile,BLUE,confirmed,14,active
SITE-035,Pionersky-9,EMT-001,59.3843,26.4313,battery,fixed,BLUE,confirmed,0,intermittent
SITE-036,Sovetsk-5,EMT-003,54.8825,20.1957,site,fixed,RED,confirmed,30,active
SITE-037,Primorsk-7,EMT-011,55.2766,20.7543,battery,fixed,RED,confirmed,14,active
SITE-038,Pionersky-7,EMT-004,55.1542,28.5997,battery,fixed,RED,confirmed,14,intermittent
SITE-039,Baltiysk-4,EMT-023,55.0382,20.8402,battalion,fixed,RED,confirmed,0,active
SITE-040,Pionersky-2,EMT-017,54.2445,20.1584,regiment,fixed,RED,possible,30,active
