intercept_id,detect_time_iso,lat,lon,band,meas_freq_ghz,meas_pri_us,meas_pw_us,snr_db,bearing_deg_meas,sensor_id,truth_emitter_id,truth_class
INT-0001,2026-07-25T17:24:57Z,55.1884,18.4892,C,4.9,1575.0,11.7,25.5,50.6,ES-03,,ambiguous
INT-0002,2026-07-25T17:27:52Z,55.2589,20.6953,C,5.2,1000.0,12.75,18.5,82.4,ES-01,,ambiguous
INT-0003,2026-07-25T17:25:39Z,55.1681,20.9974,L,1.577,1276.7,45.09,6.6,86.4,ES-AIR-1,,unknown
INT-0004,2026-07-25T17:27:52Z,54.768,20.4182,X,11.732,220.3,1.21,11.2,104.4,ES-03,,unknown
INT-0005,2026-07-25T17:28:50Z,54.7965,20.7631,C,6.15,1250.0,9.5,15.8,101.1,ES-01,,ambiguous
INT-0006,2026-07-25T17:36:42Z,56.4391,27.7415,L,1.276,2125.124,30.236,8.3,72.0,ES-01,EMT-002,clean
INT-0007,2026-07-25T17:49:45Z,54.3673,20.4331,S,2.74,2739.194,24.455,17.2,119.9,ES-03,EMT-018,clean
INT-0008,2026-07-25T17:28:24Z,54.8078,21.4509,X,10.883,114.5,0.79,23.6,97.9,ES-01,,unknown
INT-0009,2026-07-25T18:04:33Z,54.825,20.6521,C,5.093,860.636,1.51,19.7,100.5,ES-03,EMT-003,clean
INT-0010,2026-07-25T17:28:20Z,54.7736,21.6027,L,1.56,1500.0,10.0,14.3,98.4,ES-03,,ambiguous
INT-0011,2026-07-25T17:35:02Z,55.0729,18.6879,C,5.264,925.262,1.602,6.8,96.8,ES-01,EMT-003,clean
INT-0012,2026-07-25T18:15:00Z,54.6527,19.6597,C,6.35,675.0,1.45,25.0,119.2,ES-01,,ambiguous
INT-0013,2026-07-25T17:39:04Z,56.0668,19.4732,VHF,0.161,6486.666,62.922,26.4,34.0,ES-AIR-1,EMT-011,clean
INT-0014,2026-07-25T17:33:46Z,56.4231,24.5224,S,2.916,1492.088,17.235,12.1,66.7,ES-01,EMT-021,clean
INT-0015,2026-07-25T18:34:00Z,54.4164,20.2473,F,0.898,1746.553,21.613,14.0,120.5,ES-01,EMT-010,clean
INT-0016,2026-07-25T18:14:24Z,55.3081,20.441,C,6.15,625.0,1.45,10.7,79.5,ES-03,,ambiguous
INT-0017,2026-07-25T18:12:42Z,54.7883,21.6056,X,9.509,219.383,0.56,11.8,98.0,ES-02,EMT-024,clean
INT-0018,2026-07-25T17:34:24Z,55.0125,21.9061,L,1.278,2267.453,29.822,24.9,90.9,ES-03,EMT-002,clean
INT-0019,2026-07-25T17:53:34Z,54.5053,20.3909,S,2.705,2773.074,20.011,10.6,115.4,ES-02,EMT-018,clean
INT-0020,2026-07-25T18:46:00Z,54.778,20.4833,X,8.5,315.0,1.1,8.8,103.5,ES-03,,ambiguous
INT-0021,2026-07-25T17:34:00Z,54.9953,18.6127,C,5.153,940.642,1.246,20.5,120.2,ES-02,EMT-003,clean
INT-0022,2026-07-25T19:00:28Z,54.8416,20.7159,X,9.984,278.067,0.809,17.3,99.6,ES-02,EMT-008,clean
INT-0023,2026-07-25T18:20:34Z,55.3071,20.1168,S,3.222,972.4,25.72,16.8,78.0,ES-02,,unknown
INT-0024,2026-07-25T18:54:48Z,54.3679,19.6795,L,1.03,2040.485,1.1,23.9,132.0,ES-02,EMT-017,clean
INT-0025,2026-07-25T19:02:30Z,54.8145,20.898,C,5.376,911.136,1.585,20.3,99.8,ES-01,EMT-003,clean
INT-0026,2026-07-25T18:44:04Z,54.0948,20.4282,S,2.811,2826.271,18.658,18.3,128.3,ES-02,EMT-001,clean
INT-0027,2026-07-25T18:48:12Z,54.1558,20.5498,S,2.857,3029.391,20.102,25.1,125.0,ES-AIR-1,EMT-001,clean
INT-0028,2026-07-25T18:26:16Z,54.7046,19.7248,X,9.328,214.209,0.546,14.6,115.2,ES-AIR-1,EMT-024,clean
INT-0029,2026-07-25T18:04:57Z,54.1669,20.4172,S,2.897,2672.657,22.81,17.0,126.4,ES-01,EMT-001,clean
INT-0030,2026-07-25T18:29:30Z,59.3655,26.4014,S,2.927,3103.486,19.81,6.2,42.4,ES-01,EMT-001,clean
INT-0031,2026-07-25T18:07:01Z,54.1887,21.3429,X,8.872,238.841,0.7,6.8,116.1,ES-02,EMT-023,clean
INT-0032,2026-07-25T18:45:52Z,54.9693,21.8599,L,1.281,2315.675,32.021,27.1,92.2,ES-02,EMT-002,clean
INT-0033,2026-07-25T19:40:15Z,55.339,19.5873,Ku,15.062,138.225,0.416,18.5,71.4,ES-01,EMT-015,clean
INT-0034,2026-07-25T18:33:06Z,54.5277,20.4427,S,2.657,2798.3,24.046,15.5,114.0,ES-03,EMT-018,clean
INT-0035,2026-07-25T19:06:10Z,55.1029,18.6029,C,5.198,934.107,1.425,23.8,88.9,ES-02,EMT-003,clean
INT-0036,2026-07-25T19:27:48Z,55.4584,19.5564,Ku,15.24,156.674,0.405,12.7,62.9,ES-AIR-1,EMT-015,clean
INT-0037,2026-07-25T18:46:20Z,55.4805,19.616,Ku,14.35,156.223,0.412,12.8,62.5,ES-03,EMT-015,clean
INT-0038,2026-07-25T20:21:08Z,54.3239,20.9689,Ku,14.362,180.291,0.535,25.6,115.6,ES-01,EMT-009,clean
INT-0039,2026-07-25T19:13:06Z,55.2692,21.1222,S,2.956,1631.9,32.77,22.0,82.8,ES-01,,unknown
INT-0040,2026-07-25T18:53:20Z,54.8836,20.2544,X,9.35,610.0,0.8,22.6,100.1,ES-03,,ambiguous
INT-0041,2026-07-25T20:25:11Z,55.0572,28.6326,Ku,12.3,240.0,0.6,13.3,86.2,ES-02,,ambiguous
INT-0042,2026-07-25T18:38:24Z,55.0812,18.5924,C,5.154,928.352,1.527,15.8,96.3,ES-02,EMT-003,clean
INT-0043,2026-07-25T19:23:59Z,55.1157,18.6666,C,5.124,881.483,1.254,10.1,85.6,ES-03,EMT-003,clean
INT-0044,2026-07-25T20:49:00Z,55.0824,20.7527,X,9.106,247.698,0.706,7.0,89.7,ES-AIR-1,EMT-023,clean
INT-0045,2026-07-25T20:02:45Z,54.448,19.6676,L,1.028,2047.774,0.969,17.4,129.0,ES-01,EMT-017,clean
INT-0046,2026-07-25T21:03:06Z,54.2686,20.9877,Ku,14.907,173.274,0.478,26.4,117.0,ES-AIR-1,EMT-009,clean
INT-0047,2026-07-25T20:22:31Z,54.4771,20.4494,S,2.668,2955.435,21.282,11.6,115.8,ES-03,EMT-018,clean
INT-0048,2026-07-25T20:31:12Z,56.4035,24.6596,S,2.832,1492.415,20.07,6.6,67.4,ES-AIR-1,EMT-021,clean
INT-0049,2026-07-25T18:59:38Z,54.8689,20.1388,C,5.24,993.643,1.346,20.7,101.6,ES-01,EMT-003,clean
INT-0050,2026-07-25T21:24:10Z,54.4176,20.8551,L,1.015,1873.001,0.926,17.4,113.8,ES-01,EMT-017,clean
INT-0051,2026-07-25T20:03:12Z,54.8868,20.6375,X,9.86,303.468,0.697,26.0,98.1,ES-02,EMT-008,clean
INT-0052,2026-07-25T20:51:28Z,55.2301,21.0373,UHF,0.399,0.0,0.0,10.9,84.1,ES-AIR-1,EMT-013,clean
INT-0053,2026-07-25T20:37:52Z,59.0227,24.6942,C,7.046,301.572,1.506,8.1,38.9,ES-AIR-1,EMT-020,clean
INT-0054,2026-07-25T21:27:30Z,54.9155,20.1829,L,1.597,1459.2,47.41,16.1,98.9,ES-AIR-1,,unknown
INT-0055,2026-07-25T19:38:25Z,55.1438,21.8126,L,1.331,2408.865,28.539,23.3,87.3,ES-01,EMT-002,clean
INT-0056,2026-07-25T18:44:00Z,54.1378,20.4602,S,2.948,3035.276,21.671,10.9,126.7,ES-02,EMT-001,clean
INT-0057,2026-07-25T21:13:42Z,54.6484,19.7722,X,9.308,226.979,0.669,25.1,117.5,ES-02,EMT-024,clean
INT-0058,2026-07-25T18:18:00Z,55.3388,20.703,VHF,0.161,6082.245,68.992,21.3,79.1,ES-02,EMT-011,clean
INT-0059,2026-07-25T21:01:15Z,54.8183,20.789,C,5.15,882.414,1.605,16.7,100.1,ES-03,EMT-003,clean
INT-0060,2026-07-25T18:10:00Z,54.4188,20.2715,Ku,14.816,142.24,0.384,11.5,120.1,ES-01,EMT-022,clean
INT-0061,2026-07-25T21:00:37Z,59.3806,26.4149,S,2.975,3195.745,20.148,17.1,42.4,ES-02,EMT-001,clean
INT-0062,2026-07-25T20:55:58Z,54.8374,20.4732,C,4.83,3100.0,30.25,9.7,101.0,ES-03,,ambiguous
INT-0063,2026-07-25T21:28:51Z,59.3323,26.5233,S,2.888,2978.474,19.288,21.6,43.0,ES-02,EMT-001,clean
INT-0064,2026-07-25T22:25:04Z,55.45,19.602,Ku,15.277,142.137,0.404,13.5,64.2,ES-02,EMT-015,clean
INT-0065,2026-07-25T18:44:30Z,54.9385,20.9252,C,7.46,90.0,0.25,6.9,95.0,ES-03,,ambiguous
INT-0066,2026-07-25T21:18:42Z,54.3538,19.6016,X,8.85,1580.0,10.2,14.1,134.3,ES-02,,ambiguous
INT-0067,2026-07-25T22:47:11Z,59.432,26.2822,S,2.971,2837.225,24.091,25.8,41.6,ES-AIR-1,EMT-001,clean
INT-0068,2026-07-25T19:09:56Z,54.8634,20.7434,C,6.4,890.0,9.4,6.2,98.6,ES-AIR-1,,ambiguous
INT-0069,2026-07-25T18:49:42Z,56.3974,24.4592,S,2.965,1584.238,16.593,16.8,67.0,ES-01,EMT-021,clean
INT-0070,2026-07-25T18:55:40Z,54.8729,20.3855,X,9.776,276.196,0.825,9.8,99.9,ES-AIR-1,EMT-004,clean
INT-0071,2026-07-25T20:51:49Z,54.715,20.4659,C,5.215,1125.0,0.95,9.9,106.3,ES-01,,ambiguous
INT-0072,2026-07-25T18:30:48Z,55.2526,20.3067,L,1.865,2400.0,11.5,16.8,81.6,ES-AIR-1,,ambiguous
INT-0073,2026-07-25T20:11:33Z,54.8111,20.6899,X,9.492,262.349,0.956,6.4,100.9,ES-AIR-1,EMT-004,clean
INT-0074,2026-07-25T21:32:50Z,54.2057,21.519,Ku,12.05,210.0,0.65,12.0,114.3,ES-01,,ambiguous
INT-0075,2026-07-25T21:12:30Z,54.3353,20.2074,X,10.15,525.0,0.95,17.4,124.0,ES-01,,ambiguous
INT-0076,2026-07-25T22:25:16Z,54.2007,21.4039,X,10.388,169.6,1.17,9.4,115.3,ES-02,,unknown
INT-0077,2026-07-25T23:25:45Z,54.9175,20.1185,C,5.157,943.676,1.558,15.1,99.2,ES-AIR-1,EMT-003,clean
INT-0078,2026-07-25T23:47:24Z,55.0274,20.6664,X,8.846,248.685,0.793,25.8,92.1,ES-02,EMT-023,clean
INT-0079,2026-07-25T19:26:24Z,56.1427,19.4852,VHF,0.167,5656.863,65.112,24.3,32.2,ES-02,EMT-011,clean
INT-0080,2026-07-25T20:56:00Z,54.753,19.816,X,9.421,245.389,0.61,20.1,111.1,ES-01,EMT-024,clean
INT-0081,2026-07-25T20:20:54Z,55.0027,21.9163,L,1.965,2500.0,10.5,9.4,91.2,ES-03,,ambiguous
INT-0082,2026-07-25T18:55:40Z,55.1993,28.5274,X,9.059,253.036,0.849,7.2,84.8,ES-02,EMT-004,clean
INT-0083,2026-07-25T21:27:37Z,59.7511,27.9407,C,5.371,888.272,1.467,17.1,44.1,ES-02,EMT-003,clean
INT-0084,2026-07-25T20:47:12Z,54.7941,20.7789,C,5.28,947.651,1.406,22.5,101.1,ES-02,EMT-003,clean
INT-0085,2026-07-25T23:07:05Z,56.1406,19.5936,VHF,0.155,6176.896,63.491,6.9,34.5,ES-AIR-1,EMT-011,clean
INT-0086,2026-07-25T23:08:18Z,54.4095,20.4406,VHF,0.163,6305.077,54.809,19.0,118.3,ES-02,EMT-011,clean
INT-0087,2026-07-25T19:43:33Z,54.2927,20.4527,F,0.933,1723.339,23.789,16.5,122.1,ES-02,EMT-010,clean
INT-0088,2026-07-25T18:24:32Z,54.8385,20.5739,X,9.595,237.863,1.02,18.1,100.4,ES-AIR-1,EMT-004,clean
INT-0089,2026-07-25T19:42:24Z,54.7306,20.4427,VHF,0.156,6171.666,53.8,26.6,105.8,ES-01,EMT-011,clean
INT-0090,2026-07-25T23:27:30Z,55.2636,20.2701,Ku,16.804,96.3,0.69,8.4,80.9,ES-02,,unknown
INT-0091,2026-07-26T00:42:52Z,54.9414,20.8016,X,9.212,263.305,0.585,23.2,95.3,ES-AIR-1,EMT-023,clean
INT-0092,2026-07-25T19:39:32Z,54.9664,19.6194,L,1.605,1450.6,43.33,12.6,99.5,ES-02,,unknown
INT-0093,2026-07-25T23:36:39Z,54.3491,20.0306,X,9.701,1022.024,0.98,23.0,126.2,ES-03,EMT-016,clean
INT-0094,2026-07-25T20:42:06Z,55.1062,20.785,X,9.141,244.444,0.727,14.2,88.7,ES-02,EMT-023,clean
INT-0095,2026-07-25T21:58:40Z,55.07,18.5578,UHF,0.48,359.7,1.31,25.0,101.4,ES-01,,unknown
INT-0096,2026-07-26T00:35:12Z,54.4725,20.4759,Ku,14.139,173.485,0.504,12.8,115.7,ES-03,EMT-009,clean
INT-0097,2026-07-25T22:44:57Z,54.7749,19.5631,X,9.38,225.679,0.538,24.5,113.6,ES-01,EMT-024,clean
INT-0098,2026-07-26T01:18:34Z,54.3018,20.8697,Ku,14.21,187.68,0.445,9.8,117.2,ES-02,EMT-009,clean
INT-0099,2026-07-25T23:44:27Z,56.4394,27.7651,L,1.296,2266.284,31.053,6.7,72.0,ES-01,EMT-002,clean
INT-0100,2026-07-25T19:23:20Z,55.2138,28.5362,X,9.282,254.464,0.924,26.3,84.7,ES-AIR-1,EMT-004,clean
INT-0101,2026-07-26T01:04:36Z,54.996,20.1727,C,5.176,847.931,1.603,17.6,94.8,ES-03,EMT-003,clean
INT-0102,2026-07-26T01:43:12Z,55.2756,20.7532,VHF,0.156,5996.617,58.052,11.9,81.8,ES-01,EMT-011,clean
INT-0103,2026-07-25T22:47:53Z,56.4272,24.5739,X,10.674,155.0,1.3,19.8,66.8,ES-01,,unknown
INT-0104,2026-07-25T21:52:08Z,54.7482,20.6376,C,5.136,968.98,1.635,22.1,103.7,ES-02,EMT-003,clean
INT-0105,2026-07-25T20:50:00Z,54.6533,19.8289,X,9.526,224.743,0.66,7.5,116.3,ES-03,EMT-024,clean
INT-0106,2026-07-25T21:46:46Z,54.864,20.0978,C,7.129,346.165,1.27,25.9,102.2,ES-03,EMT-020,clean
INT-0107,2026-07-25T20:57:34Z,54.7359,20.7104,C,5.349,968.33,1.686,23.6,103.7,ES-03,EMT-003,clean
INT-0108,2026-07-25T22:15:12Z,54.8096,20.5432,X,9.85,282.834,0.801,21.8,101.8,ES-AIR-1,EMT-008,clean
INT-0109,2026-07-25T23:30:36Z,54.3116,21.0078,Ku,14.225,176.476,0.451,22.3,115.6,ES-02,EMT-009,clean
INT-0110,2026-07-25T23:19:20Z,56.0197,19.4828,VHF,0.155,5372.675,56.22,21.3,35.5,ES-03,EMT-011,clean
INT-0111,2026-07-26T01:48:45Z,54.4674,20.4523,C,6.246,497.9,2.64,15.3,116.1,ES-02,,unknown
INT-0112,2026-07-25T23:07:12Z,54.7539,20.7328,S,3.444,1615.5,27.52,22.6,102.9,ES-01,,unknown
INT-0113,2026-07-26T02:37:28Z,54.7813,20.0548,Ku,17.057,87.2,0.52,22.2,106.8,ES-02,,unknown
INT-0114,2026-07-25T23:30:30Z,54.8317,20.4825,X,9.172,266.699,1.004,28.0,101.2,ES-02,EMT-004,clean
INT-0115,2026-07-25T21:40:40Z,55.3318,20.857,X,9.4,625.0,0.95,17.5,79.9,ES-02,,ambiguous
INT-0116,2026-07-25T18:35:24Z,55.3003,20.7635,VHF,0.158,5826.317,62.942,22.1,80.9,ES-01,EMT-011,clean
INT-0117,2026-07-26T00:56:18Z,54.3414,20.4163,F,0.929,1759.653,25.585,25.9,121.0,ES-01,EMT-010,clean
INT-0118,2026-07-25T20:32:44Z,55.3159,20.2214,C,5.864,301.775,1.114,12.8,78.1,ES-03,EMT-019,clean
INT-0119,2026-07-26T02:09:33Z,54.8461,20.7205,C,4.81,500.0,0.5,24.1,99.4,ES-03,,ambiguous
INT-0120,2026-07-25T21:54:00Z,54.2903,20.1449,L,1.019,2010.013,1.025,21.6,126.5,ES-01,EMT-017,clean
INT-0121,2026-07-26T01:44:10Z,55.1032,21.9088,C,6.2,670.0,1.35,22.7,88.4,ES-AIR-1,,ambiguous
INT-0122,2026-07-25T19:30:08Z,55.3871,19.5848,Ku,16.336,85.3,0.66,21.8,68.1,ES-02,,unknown
INT-0123,2026-07-25T22:45:57Z,54.3866,20.6643,Ku,14.168,167.026,0.458,8.1,116.6,ES-01,EMT-009,clean
INT-0124,2026-07-25T23:32:00Z,59.4243,26.4736,S,3.467,922.6,27.36,23.2,42.2,ES-02,,unknown
INT-0125,2026-07-26T00:45:50Z,55.5136,19.4582,X,11.302,141.7,1.28,18.1,57.4,ES-02,,unknown
INT-0126,2026-07-25T21:06:48Z,54.7496,20.6869,C,5.082,898.745,1.434,21.1,103.4,ES-AIR-1,EMT-003,clean
INT-0127,2026-07-25T21:42:28Z,54.4947,20.4201,VHF,0.156,6391.501,62.69,16.9,115.5,ES-01,EMT-011,clean
INT-0128,2026-07-26T02:34:40Z,56.4741,27.7089,UHF,0.254,319.3,1.6,15.9,71.6,ES-AIR-1,,unknown
INT-0129,2026-07-26T01:43:06Z,55.4777,19.6548,Ku,15.503,146.321,0.417,18.1,63.4,ES-AIR-1,EMT-015,clean
INT-0130,2026-07-26T01:08:00Z,54.4348,20.5898,L,1.094,2052.928,1.109,21.2,115.8,ES-02,EMT-017,clean
INT-0131,2026-07-26T00:34:29Z,58.9902,24.6472,C,7.013,361.61,1.447,15.6,39.0,ES-AIR-1,EMT-020,clean
INT-0132,2026-07-25T19:29:48Z,55.3471,20.8221,VHF,0.165,6292.017,56.32,10.4,79.2,ES-02,EMT-011,clean
INT-0133,2026-07-25T22:17:02Z,55.3199,20.7676,C,5.131,868.253,1.505,20.0,80.1,ES-AIR-1,EMT-003,clean
INT-0134,2026-07-26T03:05:08Z,55.0474,19.6043,X,10.159,305.46,0.659,9.3,93.5,ES-03,EMT-006,clean
INT-0135,2026-07-26T03:54:30Z,54.4101,20.2397,S,2.781,2949.198,23.222,18.3,120.9,ES-01,EMT-018,clean
INT-0136,2026-07-25T20:41:44Z,55.3286,19.7354,Ku,15.142,137.703,0.443,26.6,73.8,ES-03,EMT-015,clean
INT-0137,2026-07-25T18:42:12Z,54.7962,20.8263,C,5.101,911.054,1.25,12.5,100.8,ES-01,EMT-003,clean
INT-0138,2026-07-26T01:50:36Z,55.0579,18.4715,C,5.207,879.882,1.325,12.3,113.2,ES-03,EMT-003,clean
INT-0139,2026-07-26T02:12:50Z,54.4851,20.2675,Ku,16.783,86.1,0.7,27.6,117.7,ES-02,,unknown
INT-0140,2026-07-25T19:28:20Z,55.0286,20.9429,C,6.0,1510.0,11.3,15.4,91.6,ES-02,,ambiguous
INT-0141,2026-07-26T05:00:18Z,59.1187,24.7159,C,7.693,199.5,2.51,14.9,38.3,ES-AIR-1,,unknown
INT-0142,2026-07-25T18:31:00Z,55.1423,28.5949,X,10.219,190.7,1.53,25.7,85.4,ES-03,,unknown
INT-0143,2026-07-26T02:42:28Z,54.4506,19.8448,L,1.015,1937.513,0.915,14.2,125.5,ES-01,EMT-017,clean
INT-0144,2026-07-25T20:44:00Z,55.2937,20.866,VHF,0.166,5781.777,59.417,11.8,81.4,ES-01,EMT-011,clean
INT-0145,2026-07-25T23:29:45Z,55.5128,19.6408,Ku,12.5,215.0,0.6,12.3,61.0,ES-03,,ambiguous
INT-0146,2026-07-26T05:17:50Z,54.8368,21.5656,X,9.099,218.113,0.568,25.8,96.7,ES-02,EMT-024,clean
INT-0147,2026-07-26T04:31:18Z,59.7015,27.9608,C,5.121,866.276,1.373,13.7,44.5,ES-AIR-1,EMT-003,clean
INT-0148,2026-07-26T01:30:52Z,59.3935,26.6053,S,2.814,3195.186,19.034,11.9,42.9,ES-01,EMT-001,clean
INT-0149,2026-07-26T01:16:48Z,54.9813,20.798,X,9.886,144.6,1.18,12.4,93.7,ES-03,,unknown
INT-0150,2026-07-25T22:52:30Z,54.2127,20.5224,S,2.9,3352.477,20.026,22.2,123.7,ES-02,EMT-001,clean
INT-0151,2026-07-25T19:35:54Z,55.3306,20.787,S,2.969,1477.95,18.164,22.4,79.7,ES-02,EMT-021,clean
INT-0152,2026-07-25T23:02:00Z,54.7308,19.8425,X,9.535,214.122,0.602,16.4,112.0,ES-AIR-1,EMT-024,clean
INT-0153,2026-07-25T22:33:39Z,55.2216,21.0814,UHF,0.427,0.0,0.0,8.3,84.5,ES-02,EMT-013,clean
INT-0154,2026-07-25T20:22:14Z,55.3037,20.8221,S,2.3,1650.0,16.0,7.5,80.9,ES-02,,ambiguous
INT-0155,2026-07-26T01:12:45Z,54.462,20.2746,Ku,14.612,171.79,0.421,13.6,118.5,ES-02,EMT-022,clean
INT-0156,2026-07-26T00:03:00Z,55.3056,20.6511,C,7.302,220.4,2.12,23.3,80.3,ES-01,,unknown
INT-0157,2026-07-26T06:14:32Z,54.3908,19.7292,L,1.014,2034.094,1.025,7.2,130.1,ES-03,EMT-017,clean
INT-0158,2026-07-25T20:32:14Z,55.1104,20.7297,X,9.188,226.666,0.801,16.8,88.6,ES-02,EMT-023,clean
INT-0159,2026-07-26T02:44:27Z,54.2615,20.9776,Ku,14.869,159.815,0.49,23.8,117.3,ES-AIR-1,EMT-009,clean
INT-0160,2026-07-25T23:22:40Z,55.284,20.7343,VHF,0.161,5899.708,56.674,13.5,81.5,ES-03,EMT-011,clean
INT-0161,2026-07-26T04:17:25Z,55.9935,19.3804,C,4.78,3500.0,30.5,25.6,33.9,ES-03,,ambiguous
INT-0162,2026-07-26T02:30:48Z,54.4308,20.4495,S,2.665,2913.332,20.024,8.0,117.5,ES-AIR-1,EMT-018,clean
INT-0163,2026-07-25T22:46:00Z,56.4966,24.5863,S,2.917,1445.698,20.571,15.5,65.9,ES-01,EMT-021,clean
INT-0164,2026-07-26T04:16:00Z,59.4266,26.4529,S,2.814,2691.463,17.557,9.8,42.2,ES-02,EMT-001,clean
INT-0165,2026-07-25T19:10:00Z,55.0157,18.6251,C,5.027,898.7,1.482,27.4,114.2,ES-01,EMT-003,clean
INT-0166,2026-07-26T02:49:56Z,54.4459,20.1561,X,9.74,1032.809,0.896,26.2,120.7,ES-02,EMT-016,clean
INT-0167,2026-07-25T21:30:30Z,54.4273,20.1443,C,6.15,875.0,9.45,23.2,121.5,ES-AIR-1,,ambiguous
INT-0168,2026-07-26T00:06:00Z,55.0897,18.7576,Ku,12.247,198.9,1.11,14.5,92.1,ES-02,,unknown
INT-0169,2026-07-26T01:24:28Z,54.2894,21.1759,Ku,14.205,163.966,0.465,19.5,114.8,ES-01,EMT-009,clean
INT-0170,2026-07-26T04:11:40Z,56.0194,19.6018,VHF,0.165,6501.669,58.637,17.1,38.2,ES-AIR-1,EMT-011,clean
INT-0171,2026-07-26T05:18:12Z,54.9642,20.9197,X,8.979,256.263,0.681,26.4,94.1,ES-03,EMT-023,clean
INT-0172,2026-07-25T22:29:36Z,55.4551,19.5966,X,9.18,246.848,1.107,15.4,63.8,ES-AIR-1,EMT-014,clean
INT-0173,2026-07-25T23:17:32Z,54.4085,20.228,S,2.706,2937.404,15.363,17.1,121.1,ES-02,EMT-018,clean
INT-0174,2026-07-26T07:06:30Z,54.3832,20.4706,C,5.718,517.5,2.52,17.7,118.9,ES-03,,unknown
INT-0175,2026-07-25T18:50:25Z,54.3522,20.3114,F,0.928,1739.966,26.709,25.2,121.9,ES-03,EMT-010,clean
INT-0176,2026-07-26T07:30:40Z,54.8536,20.7523,C,5.238,941.505,1.421,17.9,98.9,ES-AIR-1,EMT-003,clean
INT-0177,2026-07-26T02:52:18Z,54.4383,20.4088,F,0.941,1819.662,22.836,23.2,117.7,ES-01,EMT-010,clean
INT-0178,2026-07-25T20:50:38Z,54.9487,21.5304,X,9.072,202.951,0.585,27.6,93.3,ES-01,EMT-024,clean
INT-0179,2026-07-25T18:58:27Z,54.4794,20.4208,C,5.888,509.9,2.51,9.0,116.0,ES-03,,unknown
INT-0180,2026-07-25T23:02:00Z,55.0334,21.9914,L,1.3,2299.378,29.335,17.0,90.3,ES-02,EMT-002,clean
INT-0181,2026-07-26T03:11:16Z,55.0397,20.8763,X,9.311,229.546,0.717,20.2,91.3,ES-03,EMT-023,clean
INT-0182,2026-07-25T22:59:44Z,55.4217,19.5841,Ku,15.267,142.754,0.404,8.6,65.7,ES-03,EMT-015,clean
INT-0183,2026-07-26T02:56:27Z,54.4045,20.1012,X,9.179,936.83,1.085,7.5,123.0,ES-03,EMT-016,clean
INT-0184,2026-07-26T02:10:32Z,54.7685,20.6158,VHF,0.161,5787.725,67.858,12.0,103.0,ES-AIR-1,EMT-011,clean
INT-0185,2026-07-26T03:15:05Z,54.4904,20.3472,S,2.617,2923.51,22.227,14.2,116.5,ES-03,EMT-018,clean
INT-0186,2026-07-26T07:29:24Z,54.7934,20.538,X,9.408,243.872,0.973,14.7,102.5,ES-02,EMT-004,clean
INT-0187,2026-07-25T23:02:50Z,54.6595,19.6987,X,9.295,218.18,0.666,26.6,118.1,ES-02,EMT-024,clean
INT-0188,2026-07-26T05:36:20Z,54.7993,20.09,L,1.621,1129.5,42.94,16.1,105.6,ES-03,,unknown
INT-0189,2026-07-26T01:50:18Z,54.7457,19.6722,X,9.406,189.652,0.553,8.6,113.6,ES-AIR-1,EMT-024,clean
INT-0190,2026-07-26T01:46:40Z,55.0472,18.6454,C,5.259,873.905,1.415,13.9,104.8,ES-03,EMT-003,clean
INT-0191,2026-07-26T06:48:34Z,54.8534,20.0325,L,1.418,1538.6,53.93,12.6,103.2,ES-AIR-1,,unknown
INT-0192,2026-07-25T22:40:00Z,55.1999,28.5746,X,9.061,267.977,0.963,11.9,84.8,ES-03,EMT-004,clean
INT-0193,2026-07-26T07:42:04Z,54.6892,19.8025,X,9.216,211.075,0.56,7.5,114.8,ES-03,EMT-024,clean
INT-0194,2026-07-25T22:46:34Z,54.8337,20.5079,X,11.242,129.0,1.18,12.8,101.0,ES-03,,unknown
INT-0195,2026-07-25T19:46:15Z,54.8693,20.1925,C,5.7,1250.0,15.35,15.2,101.2,ES-AIR-1,,ambiguous
INT-0196,2026-07-26T09:10:36Z,54.81,19.4636,UHF,0.41,0.0,0.0,26.1,113.0,ES-AIR-1,EMT-013,clean
INT-0197,2026-07-26T07:40:14Z,56.082,19.5262,VHF,0.157,5659.475,62.653,9.9,34.7,ES-03,EMT-011,clean
INT-0198,2026-07-25T20:34:42Z,55.334,20.8112,VHF,0.153,6312.658,56.522,8.4,79.7,ES-02,EMT-011,clean
INT-0199,2026-07-26T09:18:31Z,54.1957,20.4439,S,2.895,3272.853,20.735,11.1,125.2,ES-AIR-1,EMT-001,clean
INT-0200,2026-07-26T02:13:20Z,56.4875,27.6219,L,1.301,2173.928,25.314,25.0,71.3,ES-02,EMT-002,clean
INT-0201,2026-07-26T00:58:57Z,54.7036,19.784,X,9.032,220.887,0.596,19.6,114.3,ES-02,EMT-024,clean
INT-0202,2026-07-26T01:34:54Z,55.0394,28.645,F,0.76,1100.0,15.0,13.3,86.3,ES-03,,ambiguous
INT-0203,2026-07-26T05:54:29Z,54.7117,19.7314,C,4.66,120.0,0.35,14.5,114.7,ES-03,,ambiguous
INT-0204,2026-07-26T07:43:36Z,56.4779,27.7173,L,1.267,2278.304,28.816,6.0,71.5,ES-01,EMT-002,clean
INT-0205,2026-07-25T23:05:05Z,55.279,20.7884,S,2.874,1453.484,18.474,9.6,81.8,ES-AIR-1,EMT-021,clean
INT-0206,2026-07-26T01:03:30Z,54.9392,20.83,C,4.05,1950.0,10.75,23.9,95.3,ES-AIR-1,,ambiguous
INT-0207,2026-07-25T20:47:00Z,54.7375,19.5828,X,9.217,220.164,0.593,16.3,115.7,ES-01,EMT-024,clean
INT-0208,2026-07-26T08:45:36Z,59.4657,26.3206,S,3.4,1060.0,13.1,20.4,41.5,ES-AIR-1,,ambiguous
INT-0209,2026-07-25T21:20:21Z,54.8378,20.5045,X,9.6,231.604,0.944,19.9,100.8,ES-01,EMT-004,clean
INT-0210,2026-07-26T03:36:00Z,59.7676,27.8685,C,5.321,919.723,1.263,18.1,43.9,ES-02,EMT-003,clean
INT-0211,2026-07-26T04:56:18Z,56.4439,24.4695,S,2.955,1358.956,18.15,21.7,66.3,ES-02,EMT-021,clean
INT-0212,2026-07-25T22:59:12Z,55.0491,21.7744,L,1.362,2218.657,28.005,26.0,90.0,ES-02,EMT-002,clean
INT-0213,2026-07-26T03:19:57Z,55.2523,20.6344,VHF,0.164,5905.565,61.676,11.7,82.5,ES-AIR-1,EMT-011,clean
INT-0214,2026-07-26T10:45:02Z,54.1145,20.3683,S,2.873,3029.072,19.766,27.5,128.6,ES-02,EMT-001,clean
INT-0215,2026-07-26T05:59:40Z,54.8164,20.2475,C,6.901,355.508,1.247,15.1,103.4,ES-AIR-1,EMT-020,clean
INT-0216,2026-07-26T02:16:24Z,54.83,19.4338,L,1.43,1263.1,53.98,18.9,112.1,ES-AIR-1,,unknown
INT-0217,2026-07-25T23:28:54Z,54.417,20.2544,S,2.668,2625.247,21.083,23.1,120.4,ES-03,EMT-018,clean
INT-0218,2026-07-26T09:19:12Z,54.3759,20.6067,Ku,14.536,182.829,0.537,25.3,117.6,ES-01,EMT-009,clean
INT-0219,2026-07-26T07:23:09Z,55.1685,20.374,C,5.909,300.106,1.283,16.9,85.8,ES-03,EMT-019,clean
INT-0220,2026-07-25T23:01:00Z,56.3919,24.4836,S,2.926,1498.012,16.756,17.2,67.1,ES-AIR-1,EMT-021,clean
INT-0221,2026-07-26T03:09:20Z,55.551,19.5239,X,9.197,264.297,0.824,23.4,56.6,ES-AIR-1,EMT-014,clean
INT-0222,2026-07-26T10:54:30Z,54.8025,19.2443,UHF,0.425,0.0,0.0,16.1,118.4,ES-AIR-1,EMT-013,clean
INT-0223,2026-07-26T10:14:39Z,55.5742,19.5194,X,9.023,261.317,0.828,16.1,55.1,ES-03,EMT-014,clean
INT-0224,2026-07-25T23:33:20Z,55.1494,28.6392,X,9.387,257.311,0.879,8.0,85.3,ES-AIR-1,EMT-004,clean
INT-0225,2026-07-26T06:27:30Z,55.565,19.6013,X,8.983,266.214,0.925,16.4,57.3,ES-02,EMT-014,clean
INT-0226,2026-07-26T05:26:58Z,55.0925,19.7254,X,10.419,285.201,0.671,18.9,89.9,ES-02,EMT-006,clean
INT-0227,2026-07-25T21:07:00Z,54.7643,19.9327,X,9.482,220.026,0.634,18.4,109.0,ES-AIR-1,EMT-024,clean
INT-0228,2026-07-25T21:30:48Z,55.0318,19.545,X,9.955,289.991,0.662,25.6,95.0,ES-03,EMT-006,clean
INT-0229,2026-07-26T06:26:14Z,55.1912,21.0957,UHF,0.417,0.0,0.0,17.5,85.6,ES-AIR-1,EMT-013,clean
INT-0230,2026-07-25T19:18:50Z,54.762,20.8038,C,5.118,895.593,1.594,19.8,102.2,ES-01,EMT-003,clean
INT-0231,2026-07-26T12:11:54Z,55.1383,28.582,X,9.593,247.06,0.897,17.2,85.4,ES-01,EMT-004,clean
INT-0232,2026-07-25T19:54:40Z,59.0196,24.7117,C,7.199,357.857,1.545,26.1,39.0,ES-AIR-1,EMT-020,clean
INT-0233,2026-07-25T23:01:44Z,55.0715,20.7993,S,3.05,2090.8,38.9,17.3,90.1,ES-03,,unknown
INT-0234,2026-07-26T12:38:18Z,54.7349,20.595,X,9.42,239.277,0.926,25.3,104.5,ES-01,EMT-004,clean
INT-0235,2026-07-26T11:21:00Z,59.6907,27.9894,C,5.364,849.638,1.514,26.3,44.7,ES-AIR-1,EMT-003,clean
INT-0236,2026-07-25T23:37:36Z,54.3449,19.7106,L,1.063,2058.555,1.059,18.1,132.2,ES-03,EMT-017,clean
INT-0237,2026-07-26T13:01:03Z,59.0887,24.7851,C,6.831,345.577,1.607,11.7,38.8,ES-03,EMT-020,clean
INT-0238,2026-07-26T00:40:18Z,54.2743,20.997,Ku,14.483,178.58,0.497,16.2,116.8,ES-03,EMT-009,clean
INT-0239,2026-07-25T23:34:26Z,54.7492,20.7335,S,2.0,2500.0,26.0,23.1,103.1,ES-AIR-1,,ambiguous
INT-0240,2026-07-26T12:36:00Z,54.9353,20.408,X,9.141,230.334,0.955,22.2,96.9,ES-01,EMT-004,clean
INT-0241,2026-07-25T23:21:30Z,54.3431,20.4962,C,6.15,1520.0,11.4,22.5,119.9,ES-02,,ambiguous
INT-0242,2026-07-26T12:45:38Z,54.8007,21.4027,X,9.226,216.175,0.68,14.7,98.3,ES-02,EMT-024,clean
INT-0243,2026-07-26T03:55:51Z,55.2599,28.6846,X,9.481,265.833,1.02,7.8,84.2,ES-02,EMT-004,clean
INT-0244,2026-07-26T01:40:12Z,54.4437,20.2327,Ku,15.093,157.159,0.416,27.4,119.7,ES-01,EMT-022,clean
INT-0245,2026-07-25T21:33:10Z,54.2981,20.6335,X,10.019,176.5,1.28,10.4,119.8,ES-02,,unknown
INT-0246,2026-07-26T09:52:12Z,56.4821,27.7252,L,1.292,2212.068,31.148,6.2,71.5,ES-AIR-1,EMT-002,clean
INT-0247,2026-07-26T12:16:12Z,54.419,20.403,F,0.93,1880.698,26.456,21.2,118.4,ES-AIR-1,EMT-010,clean
INT-0248,2026-07-25T20:01:12Z,54.4068,19.6289,C,5.4,1040.0,12.9,10.2,131.6,ES-01,,ambiguous
INT-0249,2026-07-25T23:25:12Z,54.4678,19.6751,L,1.044,1947.163,1.099,9.1,128.0,ES-03,EMT-017,clean
INT-0250,2026-07-25T22:53:20Z,54.3472,20.2183,X,9.431,1025.555,1.083,17.0,123.4,ES-01,EMT-016,clean
INT-0251,2026-07-26T13:28:59Z,54.9932,20.8717,X,10.15,525.0,0.95,18.9,93.1,ES-03,,ambiguous
INT-0252,2026-07-25T20:08:00Z,55.5818,19.4776,X,9.143,242.99,0.984,16.6,53.8,ES-02,EMT-014,clean
INT-0253,2026-07-26T13:21:45Z,55.4138,19.4702,Ku,15.085,154.795,0.342,15.3,64.3,ES-02,EMT-015,clean
INT-0254,2026-07-25T20:26:16Z,56.4465,27.7234,L,1.339,2417.98,27.629,16.1,71.9,ES-AIR-1,EMT-002,clean
INT-0255,2026-07-26T00:29:15Z,54.3118,21.0106,C,7.36,90.0,0.25,27.2,115.6,ES-02,,ambiguous
INT-0256,2026-07-26T05:50:56Z,55.5108,19.6186,X,9.041,253.637,0.79,24.9,60.8,ES-01,EMT-014,clean
INT-0257,2026-07-26T01:02:36Z,55.1607,21.0616,UHF,0.419,0.0,0.0,12.9,86.7,ES-03,EMT-013,clean
INT-0258,2026-07-25T23:38:24Z,54.4571,20.3957,Ku,12.105,152.2,1.31,25.5,117.2,ES-03,,unknown
INT-0259,2026-07-26T11:14:51Z,55.048,20.7115,C,4.2,1275.0,15.7,18.8,91.2,ES-AIR-1,,ambiguous
INT-0260,2026-07-26T04:05:40Z,56.3896,24.5166,S,2.905,1421.088,17.039,11.1,67.2,ES-03,EMT-021,clean
INT-0261,2026-07-26T10:17:54Z,59.0203,24.6557,S,3.208,874.5,24.04,6.4,38.8,ES-02,,unknown
INT-0262,2026-07-26T02:43:18Z,56.4743,27.7535,Ku,17.285,119.9,0.57,28.0,71.6,ES-03,,unknown
INT-0263,2026-07-25T22:00:32Z,54.4353,20.218,X,9.566,1049.4,0.855,17.6,120.2,ES-AIR-1,EMT-016,clean
INT-0264,2026-07-26T10:12:00Z,54.2805,21.3378,X,9.064,235.605,0.685,10.2,113.8,ES-02,EMT-023,clean
INT-0265,2026-07-26T00:37:15Z,56.3776,24.7832,S,2.98,1397.251,18.628,17.1,68.0,ES-03,EMT-021,clean
INT-0266,2026-07-26T10:28:32Z,55.1022,20.8208,X,8.959,235.028,0.711,26.5,88.9,ES-01,EMT-023,clean
INT-0267,2026-07-26T05:12:00Z,54.9338,20.6167,X,9.629,247.576,0.901,21.4,96.2,ES-01,EMT-004,clean
INT-0268,2026-07-25T23:03:56Z,56.4994,27.6218,S,3.202,1849.0,31.73,25.8,71.2,ES-03,,unknown
INT-0269,2026-07-26T13:48:26Z,56.4506,24.593,C,6.15,1520.0,11.4,20.5,66.5,ES-02,,ambiguous
INT-0270,2026-07-25T23:06:30Z,55.3278,20.9073,VHF,0.152,5588.484,59.51,8.5,80.2,ES-03,EMT-011,clean
INT-0271,2026-07-25T20:47:46Z,55.3387,20.7563,Ku,12.2,185.0,0.5,21.6,79.3,ES-03,,ambiguous
INT-0272,2026-07-26T01:47:44Z,54.9922,19.7491,X,10.697,738.3,1.46,6.8,96.8,ES-03,,unknown
INT-0273,2026-07-26T10:37:24Z,54.4622,20.6967,L,1.012,1818.305,1.002,23.8,113.8,ES-03,EMT-017,clean
INT-0274,2026-07-25T23:16:12Z,54.8587,19.3306,L,1.965,1750.0,9.5,19.6,111.8,ES-02,,ambiguous
INT-0275,2026-07-26T00:30:50Z,54.3612,20.3592,F,0.877,1822.74,23.706,8.5,121.0,ES-02,EMT-010,clean
INT-0276,2026-07-25T22:23:36Z,55.245,20.4977,C,5.6,304.035,1.361,13.3,82.5,ES-01,EMT-019,clean
INT-0277,2026-07-26T08:38:43Z,54.7476,20.6755,X,10.184,278.767,0.753,18.4,103.5,ES-03,EMT-008,clean
INT-0278,2026-07-26T01:49:40Z,54.305,20.4785,F,0.894,1644.985,24.965,24.9,121.4,ES-03,EMT-010,clean
INT-0279,2026-07-26T06:35:09Z,54.2076,20.4956,S,2.86,3107.879,17.2,6.0,124.2,ES-03,EMT-001,clean
INT-0280,2026-07-26T14:10:40Z,55.0366,20.8665,X,9.137,252.208,0.727,17.2,91.4,ES-01,EMT-023,clean
INT-0281,2026-07-26T08:19:12Z,56.0551,19.4915,VHF,0.158,5666.105,60.92,8.6,34.7,ES-01,EMT-011,clean
INT-0282,2026-07-26T10:15:12Z,54.876,19.2502,UHF,0.409,0.0,0.0,8.9,112.0,ES-02,EMT-013,clean
INT-0283,2026-07-26T07:19:34Z,55.1917,21.2014,UHF,0.421,0.0,0.0,8.1,85.6,ES-AIR-1,EMT-013,clean
INT-0284,2026-07-26T03:16:24Z,54.1636,21.3758,X,9.228,256.766,0.786,24.9,116.5,ES-02,EMT-023,clean
INT-0285,2026-07-26T10:45:00Z,54.7671,19.957,C,6.982,382.426,1.246,19.5,108.6,ES-01,EMT-020,clean
INT-0286,2026-07-25T23:55:38Z,54.5288,20.5117,L,1.478,1645.4,44.18,13.7,113.2,ES-AIR-1,,unknown
INT-0287,2026-07-26T03:56:11Z,56.4371,27.5945,L,1.345,2440.366,30.435,23.9,71.8,ES-03,EMT-002,clean
INT-0288,2026-07-26T15:10:24Z,55.122,28.6196,X,9.121,262.008,0.969,27.5,85.6,ES-01,EMT-004,clean
INT-0289,2026-07-26T00:19:03Z,54.8589,20.4344,X,9.311,258.712,0.849,17.1,100.3,ES-01,EMT-004,clean
INT-0290,2026-07-26T01:42:40Z,55.9412,19.3172,X,9.65,280.0,0.8,11.2,34.0,ES-02,,ambiguous
INT-0291,2026-07-26T02:28:03Z,54.942,19.7411,X,9.803,293.86,0.675,20.8,100.2,ES-02,EMT-006,clean
INT-0292,2026-07-26T00:57:28Z,54.8452,21.4841,X,9.201,233.236,0.602,14.0,96.6,ES-AIR-1,EMT-024,clean
INT-0293,2026-07-26T13:35:57Z,54.4279,19.6639,C,7.25,560.0,1.05,16.2,129.9,ES-AIR-1,,ambiguous
INT-0294,2026-07-26T00:50:48Z,55.4653,19.5189,X,9.031,265.321,0.868,27.5,61.7,ES-01,EMT-014,clean
INT-0295,2026-07-26T10:03:00Z,58.9426,24.7581,C,7.001,324.867,1.392,12.9,39.8,ES-03,EMT-020,clean
INT-0296,2026-07-26T05:05:28Z,55.1601,21.1474,C,5.0,1020.0,12.85,6.8,86.7,ES-AIR-1,,ambiguous
INT-0297,2026-07-26T02:04:42Z,54.8558,19.3557,X,10.95,167.8,1.6,24.7,111.5,ES-AIR-1,,unknown
INT-0298,2026-07-26T04:20:34Z,54.2429,20.1308,L,1.073,1961.928,1.008,12.6,128.2,ES-AIR-1,EMT-017,clean
INT-0299,2026-07-25T22:33:57Z,56.3683,24.5545,S,2.947,1554.307,16.749,13.0,67.6,ES-01,EMT-021,clean
INT-0300,2026-07-26T14:35:00Z,54.3173,20.1059,X,9.276,948.484,1.025,22.7,126.1,ES-02,EMT-016,clean
INT-0301,2026-07-26T14:44:16Z,54.2606,20.1905,L,1.022,2148.509,1.013,24.6,126.7,ES-AIR-1,EMT-017,clean
INT-0302,2026-07-26T07:00:26Z,54.7835,19.8093,X,8.289,220.9,2.37,24.7,109.4,ES-AIR-1,,unknown
INT-0303,2026-07-26T10:04:57Z,54.8147,21.602,X,9.192,210.336,0.577,20.7,97.2,ES-03,EMT-024,clean
INT-0304,2026-07-26T14:41:52Z,59.6558,27.8618,C,5.039,1024.734,1.596,26.3,44.6,ES-01,EMT-003,clean
INT-0305,2026-07-26T15:47:05Z,55.1713,28.6818,X,9.171,254.953,1.035,24.6,85.1,ES-02,EMT-004,clean
INT-0306,2026-07-26T04:07:42Z,56.5394,27.7451,L,1.284,2090.222,28.387,13.9,70.9,ES-01,EMT-002,clean
INT-0307,2026-07-26T01:20:58Z,54.817,20.4043,VHF,0.162,5648.675,56.289,12.9,102.3,ES-02,EMT-011,clean
INT-0308,2026-07-26T13:16:04Z,54.7731,19.6936,Ku,12.22,183.5,0.92,11.0,111.6,ES-01,,unknown
INT-0309,2026-07-26T14:52:39Z,54.9942,20.781,X,9.439,258.983,0.683,16.5,93.2,ES-03,EMT-023,clean
INT-0310,2026-07-26T18:23:30Z,54.1549,21.2512,X,9.217,247.098,0.75,25.9,117.7,ES-03,EMT-023,clean
INT-0311,2026-07-26T09:08:33Z,55.0145,20.8452,X,9.008,240.736,0.618,23.8,92.3,ES-03,EMT-023,clean
INT-0312,2026-07-26T00:21:12Z,54.8118,19.7162,X,9.563,226.86,0.561,24.6,108.9,ES-AIR-1,EMT-024,clean
INT-0313,2026-07-26T13:40:42Z,56.5647,27.751,L,1.319,2223.178,28.474,6.1,70.7,ES-02,EMT-002,clean
INT-0314,2026-07-26T05:06:30Z,59.7559,27.8307,C,5.348,892.591,1.758,9.0,43.8,ES-AIR-1,EMT-003,clean
INT-0315,2026-07-26T10:08:00Z,56.0735,19.3792,VHF,0.161,5604.534,60.089,8.8,31.6,ES-AIR-1,EMT-011,clean
INT-0316,2026-07-26T15:48:16Z,56.4911,24.6493,S,2.82,1628.146,18.724,23.1,66.1,ES-03,EMT-021,clean
INT-0317,2026-07-26T06:06:05Z,55.3306,20.6918,C,5.22,891.936,1.603,15.0,79.4,ES-03,EMT-003,clean
INT-0318,2026-07-26T05:04:54Z,54.353,19.7328,F,0.998,2041.302,1.031,13.7,131.5,ES-03,EMT-017,clean
INT-0319,2026-07-26T03:15:28Z,55.3352,20.9396,Ku,12.1,205.0,0.65,23.0,80.0,ES-03,,ambiguous
INT-0320,2026-07-26T05:04:00Z,54.782,20.7565,C,5.333,935.49,1.512,18.3,101.7,ES-01,EMT-003,clean
INT-0321,2026-07-26T07:03:54Z,54.8302,21.6269,K,18.057,86.9,0.53,10.4,96.7,ES-AIR-1,,unknown
INT-0322,2026-07-25T21:21:30Z,55.2524,20.128,X,8.646,228.2,2.51,24.7,80.9,ES-03,,unknown
INT-0323,2026-07-26T05:32:08Z,54.4005,20.807,L,1.032,2126.798,1.0,26.4,114.8,ES-AIR-1,EMT-017,clean
INT-0324,2026-07-26T06:44:36Z,54.2521,20.4826,S,2.798,2997.695,22.528,19.2,123.0,ES-03,EMT-001,clean
INT-0325,2026-07-26T10:50:50Z,54.3887,19.768,L,1.559,1121.9,50.46,6.5,129.4,ES-AIR-1,,unknown
INT-0326,2026-07-26T13:15:20Z,54.1735,21.3893,X,9.119,219.632,0.666,13.7,116.1,ES-03,EMT-023,clean
INT-0327,2026-07-26T20:02:18Z,54.3366,21.1097,Ku,14.165,187.592,0.515,18.9,114.0,ES-03,EMT-009,clean
INT-0328,2026-07-26T01:42:56Z,59.3388,26.6559,S,2.995,3242.587,19.442,18.3,43.4,ES-AIR-1,EMT-001,clean
INT-0329,2026-07-26T16:54:42Z,58.9886,24.6549,C,6.915,345.154,1.338,14.5,39.0,ES-03,EMT-020,clean
INT-0330,2026-07-26T18:16:00Z,54.4201,19.7465,L,1.054,2007.311,0.983,9.1,128.6,ES-03,EMT-017,clean
INT-0331,2026-07-26T20:27:25Z,59.6943,28.0133,C,6.3,1540.0,11.4,23.5,44.7,ES-01,,ambiguous
INT-0332,2026-07-26T16:56:32Z,54.7218,19.7751,X,9.106,217.694,0.641,19.5,113.4,ES-03,EMT-024,clean
INT-0333,2026-07-26T19:41:45Z,54.1539,20.3796,S,2.929,3039.909,17.023,19.6,127.3,ES-01,EMT-001,clean
INT-0334,2026-07-26T13:44:40Z,56.5009,24.7287,S,2.878,1501.645,18.574,6.6,66.2,ES-03,EMT-021,clean
INT-0335,2026-07-26T02:43:55Z,54.5315,20.4909,S,2.663,2685.498,19.938,25.7,113.3,ES-02,EMT-018,clean
INT-0336,2026-07-26T03:41:36Z,54.8063,19.9837,C,7.06,348.495,1.455,27.3,106.2,ES-AIR-1,EMT-020,clean
INT-0337,2026-07-26T21:13:46Z,54.9059,21.9367,UHF,0.253,352.4,1.2,10.2,93.8,ES-03,,unknown
INT-0338,2026-07-26T18:35:22Z,55.5288,19.5687,X,9.123,255.532,0.871,13.2,58.8,ES-02,EMT-014,clean
INT-0339,2026-07-26T10:56:33Z,55.0487,19.6484,X,8.5,315.0,1.1,14.0,93.3,ES-AIR-1,,ambiguous
INT-0340,2026-07-26T04:11:40Z,55.0649,19.5818,X,9.916,292.649,0.63,21.6,92.2,ES-AIR-1,EMT-006,clean
INT-0341,2026-07-26T09:14:48Z,54.3498,20.3556,F,0.904,1786.898,22.83,19.2,121.4,ES-03,EMT-010,clean
INT-0342,2026-07-26T18:59:00Z,55.0781,22.0256,L,1.342,2198.687,31.707,17.2,89.1,ES-03,EMT-002,clean
INT-0343,2026-07-26T01:25:55Z,54.8737,20.5559,VHF,0.159,6434.881,58.988,19.1,99.0,ES-02,EMT-011,clean
INT-0344,2026-07-25T23:49:52Z,55.4618,20.9199,C,4.81,125.0,0.45,14.1,75.3,ES-01,,ambiguous
INT-0345,2026-07-26T16:08:30Z,54.997,18.6245,C,5.181,925.862,1.649,22.2,118.9,ES-02,EMT-003,clean
INT-0346,2026-07-26T15:43:38Z,55.2761,20.9783,UHF,0.429,0.0,0.0,8.7,82.3,ES-AIR-1,EMT-013,clean
INT-0347,2026-07-26T14:43:54Z,54.1235,20.3521,S,2.776,3018.783,19.573,18.3,128.6,ES-01,EMT-001,clean
INT-0348,2026-07-26T20:58:48Z,54.9156,20.268,C,5.226,877.139,1.608,17.7,98.5,ES-01,EMT-003,clean
INT-0349,2026-07-26T10:29:33Z,59.4123,26.5441,S,2.943,2978.943,19.396,27.6,42.5,ES-AIR-1,EMT-001,clean
INT-0350,2026-07-25T23:56:40Z,54.8464,20.6511,C,5.16,140.0,0.4,25.4,99.7,ES-03,,ambiguous
INT-0351,2026-07-26T11:57:21Z,54.8156,20.5101,VHF,0.161,5751.161,69.797,26.9,101.7,ES-03,EMT-011,clean
INT-0352,2026-07-26T08:00:00Z,59.0675,24.7026,C,6.949,369.459,1.471,18.8,38.6,ES-02,EMT-020,clean
INT-0353,2026-07-26T16:28:28Z,54.9863,20.6934,X,9.396,224.792,0.634,26.4,93.8,ES-AIR-1,EMT-023,clean
INT-0354,2026-07-26T21:51:00Z,54.7904,20.6132,X,10.013,287.057,0.779,18.4,102.2,ES-03,EMT-008,clean
INT-0355,2026-07-26T20:44:50Z,54.8002,20.6973,X,10.007,281.828,0.797,25.9,101.3,ES-AIR-1,EMT-008,clean
INT-0356,2026-07-26T17:09:56Z,54.469,20.3924,Ku,14.523,162.323,0.436,26.4,116.7,ES-01,EMT-022,clean
INT-0357,2026-07-26T10:17:27Z,54.9966,20.8084,X,8.816,236.861,0.771,23.9,93.1,ES-03,EMT-023,clean
INT-0358,2026-07-26T00:41:32Z,54.9902,20.6658,X,9.801,286.96,0.861,12.0,93.7,ES-01,EMT-008,clean
INT-0359,2026-07-25T23:01:03Z,54.3772,19.7426,L,1.025,2035.773,0.96,8.5,130.4,ES-03,EMT-017,clean
INT-0360,2026-07-25T20:26:00Z,55.0961,18.5239,C,5.369,928.647,1.412,6.0,91.7,ES-01,EMT-003,clean
INT-0361,2026-07-26T04:15:49Z,55.9656,19.5422,VHF,0.158,6096.455,60.694,23.4,38.6,ES-03,EMT-011,clean
INT-0362,2026-07-26T14:20:58Z,54.3694,20.8729,L,1.055,2094.692,0.965,16.1,115.1,ES-01,EMT-017,clean
INT-0363,2026-07-26T20:09:18Z,54.2447,21.0128,Ku,14.411,191.708,0.568,12.3,117.5,ES-02,EMT-009,clean
INT-0364,2026-07-26T10:55:36Z,55.6709,19.5347,VHF,0.192,3167.1,103.14,21.7,50.3,ES-AIR-1,,unknown
INT-0365,2026-07-26T22:07:40Z,55.1587,28.537,X,9.45,230.0,0.7,13.8,85.2,ES-03,,ambiguous
INT-0366,2026-07-25T23:26:00Z,54.6664,19.7474,X,9.192,224.917,0.64,22.3,116.9,ES-AIR-1,EMT-024,clean
INT-0367,2026-07-26T11:34:53Z,55.3937,19.5547,C,6.4,1550.0,11.35,23.7,67.2,ES-01,,ambiguous
INT-0368,2026-07-26T12:14:40Z,54.3866,20.4975,Ku,12.25,200.0,0.65,20.6,118.5,ES-02,,ambiguous
INT-0369,2026-07-25T22:02:54Z,55.2059,20.9489,UHF,0.421,0.0,0.0,14.3,84.9,ES-02,EMT-013,clean
INT-0370,2026-07-25T21:14:20Z,54.7923,19.1738,C,6.35,675.0,1.45,14.1,121.2,ES-AIR-1,,ambiguous
INT-0371,2026-07-26T06:00:33Z,54.8224,20.0829,C,7.063,351.736,1.48,21.8,104.4,ES-03,EMT-020,clean
INT-0372,2026-07-26T18:39:00Z,55.2461,20.7072,VHF,0.163,6417.729,71.523,7.8,82.9,ES-AIR-1,EMT-011,clean
INT-0373,2026-07-26T21:24:43Z,54.8452,21.4079,X,9.513,230.352,0.559,14.0,96.9,ES-02,EMT-024,clean
INT-0374,2026-07-26T10:47:12Z,54.2272,20.2709,L,1.013,2032.211,1.019,12.2,126.6,ES-AIR-1,EMT-017,clean
INT-0375,2026-07-26T23:20:00Z,55.1252,19.7066,X,10.122,299.385,0.682,10.3,87.6,ES-03,EMT-006,clean
INT-0376,2026-07-26T09:50:08Z,54.4885,20.5108,Ku,12.45,230.0,0.55,23.4,114.7,ES-01,,ambiguous
INT-0377,2026-07-26T03:10:38Z,55.0372,18.8352,C,5.228,861.998,1.601,11.2,101.4,ES-02,EMT-003,clean
INT-0378,2026-07-26T10:33:12Z,55.0774,21.83,L,1.379,2213.42,32.034,23.1,89.2,ES-AIR-1,EMT-002,clean
INT-0379,2026-07-26T01:39:01Z,54.6649,19.8044,X,9.516,219.754,0.544,10.0,116.1,ES-03,EMT-024,clean
INT-0380,2026-07-26T19:56:00Z,54.8062,20.0311,C,7.009,349.996,1.475,18.6,105.8,ES-02,EMT-020,clean
INT-0381,2026-07-26T14:17:18Z,54.7423,21.5201,X,9.39,230.194,0.599,15.7,99.6,ES-03,EMT-024,clean
INT-0382,2026-07-26T11:22:20Z,56.5096,24.5732,S,2.805,1559.685,17.256,8.3,65.6,ES-03,EMT-021,clean
INT-0383,2026-07-27T00:55:51Z,56.0239,19.4081,VHF,0.16,6583.188,58.566,21.4,33.7,ES-02,EMT-011,clean
INT-0384,2026-07-26T12:57:36Z,54.8058,20.4756,VHF,0.163,5730.085,62.775,26.7,102.4,ES-02,EMT-011,clean
INT-0385,2026-07-26T10:07:25Z,54.9473,22.0161,L,1.297,2377.963,29.625,21.3,92.6,ES-AIR-1,EMT-002,clean
INT-0386,2026-07-26T22:55:36Z,54.4737,20.4227,VHF,0.159,6048.278,62.19,6.1,116.2,ES-AIR-1,EMT-011,clean
INT-0387,2026-07-26T19:53:09Z,54.5674,20.5024,VHF,0.16,6221.516,66.064,20.7,111.9,ES-03,EMT-011,clean
INT-0388,2026-07-25T22:56:16Z,55.1926,21.0115,Ku,12.2,185.0,0.5,11.1,85.5,ES-02,,ambiguous
INT-0389,2026-07-26T07:29:19Z,54.2102,20.4174,S,2.902,3109.159,19.997,16.1,125.1,ES-03,EMT-001,clean
INT-0390,2026-07-26T23:33:30Z,55.3753,19.699,Ku,15.505,155.018,0.403,15.8,70.4,ES-AIR-1,EMT-015,clean
INT-0391,2026-07-26T22:59:03Z,54.0826,20.3767,S,2.918,3151.736,17.543,18.0,129.4,ES-03,EMT-001,clean
INT-0392,2026-07-26T12:03:44Z,55.5497,19.5238,C,4.91,120.0,0.4,13.6,56.6,ES-AIR-1,,ambiguous
INT-0393,2026-07-27T00:00:33Z,55.0176,19.719,X,9.861,310.502,0.639,23.6,95.2,ES-03,EMT-006,clean
INT-0394,2026-07-27T00:57:46Z,56.0843,19.3438,VHF,0.155,5832.275,62.076,6.3,30.5,ES-03,EMT-011,clean
INT-0395,2026-07-26T17:02:00Z,54.4222,20.5461,VHF,0.155,5735.417,57.625,21.6,116.7,ES-03,EMT-011,clean
INT-0396,2026-07-26T06:18:48Z,54.6177,19.7438,X,9.521,213.937,0.585,7.9,119.5,ES-03,EMT-024,clean
INT-0397,2026-07-26T04:08:26Z,54.7733,20.5117,X,9.138,271.423,0.958,26.2,103.5,ES-02,EMT-004,clean
INT-0398,2026-07-26T01:37:30Z,54.851,19.3163,C,5.215,1500.0,1.0,19.0,112.7,ES-03,,ambiguous
INT-0399,2026-07-26T20:55:51Z,55.285,20.7245,C,5.39,857.134,1.476,21.0,81.4,ES-02,EMT-003,clean
INT-0400,2026-07-26T11:53:20Z,54.7998,21.4498,X,9.207,199.525,0.586,17.9,98.1,ES-AIR-1,EMT-024,clean
INT-0401,2026-07-26T20:04:00Z,59.0548,24.6829,C,7.033,330.107,1.585,20.9,38.6,ES-02,EMT-020,clean
INT-0402,2026-07-26T04:09:54Z,54.2626,21.1101,C,5.315,1120.0,0.9,22.1,116.1,ES-01,,ambiguous
INT-0403,2026-07-26T15:09:45Z,54.5549,20.2253,Ku,14.982,170.202,0.445,20.9,115.4,ES-01,EMT-022,clean
INT-0404,2026-07-26T23:51:28Z,54.7924,20.1121,C,7.127,338.942,1.418,9.9,105.7,ES-03,EMT-020,clean
INT-0405,2026-07-26T02:40:15Z,54.8558,20.4437,C,7.55,590.0,1.15,20.2,100.3,ES-AIR-1,,ambiguous
INT-0406,2026-07-26T17:41:36Z,54.8516,20.5172,X,9.624,259.237,1.051,20.4,100.1,ES-02,EMT-004,clean
INT-0407,2026-07-26T05:25:49Z,55.2563,20.7367,C,5.285,943.753,1.454,24.7,82.6,ES-03,EMT-003,clean
INT-0408,2026-07-26T23:35:36Z,54.8112,20.2995,C,5.023,841.173,1.508,19.2,103.3,ES-02,EMT-003,clean
INT-0409,2026-07-26T11:57:56Z,54.3204,20.733,L,1.012,1966.499,1.051,22.7,118.0,ES-01,EMT-017,clean
INT-0410,2026-07-27T00:05:00Z,55.2512,20.8265,C,5.321,795.41,1.35,9.9,83.0,ES-01,EMT-003,clean
INT-0411,2026-07-26T18:20:09Z,54.3413,20.4511,X,10.539,180.2,1.33,18.4,120.5,ES-01,,unknown
INT-0412,2026-07-26T05:34:44Z,54.408,20.4018,S,2.795,2751.414,22.325,13.2,118.8,ES-AIR-1,EMT-018,clean
INT-0413,2026-07-26T20:31:21Z,54.3722,20.2384,X,9.385,969.655,1.019,18.3,122.2,ES-02,EMT-016,clean
INT-0414,2026-07-26T19:40:06Z,56.0245,19.5918,VHF,0.159,5707.28,52.517,21.9,37.8,ES-03,EMT-011,clean
INT-0415,2026-07-26T12:21:15Z,54.483,20.2282,Ku,14.158,152.729,0.377,7.3,118.2,ES-01,EMT-022,clean
INT-0416,2026-07-26T18:38:24Z,59.7254,27.9121,F,0.595,4000.0,30.5,11.5,44.2,ES-01,,ambiguous
INT-0417,2026-07-26T05:43:39Z,54.4332,20.1298,Ku,14.318,163.301,0.432,22.8,121.5,ES-01,EMT-022,clean
INT-0418,2026-07-26T04:49:42Z,54.8511,19.3132,Ku,12.34,200.1,1.2,20.7,112.8,ES-02,,unknown
INT-0419,2026-07-26T15:05:53Z,55.5529,19.6615,X,9.15,250.0,0.8,16.0,59.1,ES-01,,ambiguous
INT-0420,2026-07-26T01:23:00Z,56.465,27.6733,L,1.284,1322.5,1.5,7.8,71.6,ES-01,,unknown
INT-0421,2026-07-26T04:05:32Z,54.8444,20.4346,VHF,0.162,5842.486,49.986,6.9,100.9,ES-01,EMT-011,clean
INT-0422,2026-07-26T22:10:12Z,56.0797,19.4678,VHF,0.158,5899.175,56.32,21.0,33.5,ES-AIR-1,EMT-011,clean
INT-0423,2026-07-25T22:02:00Z,54.1815,20.4614,S,2.851,3036.528,17.11,20.1,125.4,ES-02,EMT-001,clean
INT-0424,2026-07-27T00:32:40Z,55.2373,21.0663,UHF,0.43,0.0,0.0,25.0,83.9,ES-AIR-1,EMT-013,clean
INT-0425,2026-07-26T22:15:25Z,55.1141,18.6703,C,5.113,912.328,1.623,13.8,86.0,ES-01,EMT-003,clean
INT-0426,2026-07-26T15:49:00Z,54.4235,20.5467,Ku,14.856,177.552,0.573,22.9,116.6,ES-AIR-1,EMT-009,clean
INT-0427,2026-07-25T22:54:29Z,54.8536,20.5618,C,4.05,1950.0,10.75,17.0,99.8,ES-AIR-1,,ambiguous
INT-0428,2026-07-25T23:16:40Z,55.0033,21.8641,X,11.229,156.4,1.36,25.2,91.2,ES-01,,unknown
INT-0429,2026-07-26T14:25:33Z,54.3512,20.0993,X,9.01,1008.113,0.948,25.4,125.0,ES-01,EMT-016,clean
INT-0430,2026-07-25T21:59:30Z,55.3524,20.781,VHF,0.161,5441.147,61.171,22.5,78.9,ES-01,EMT-011,clean
INT-0431,2026-07-27T03:48:48Z,54.8431,20.5882,X,11.634,181.2,1.1,8.5,100.1,ES-03,,unknown
INT-0432,2026-07-26T06:53:36Z,54.8184,20.4295,S,3.03,3160.0,30.6,14.9,102.1,ES-02,,ambiguous
INT-0433,2026-07-25T23:56:55Z,54.3648,20.3105,F,0.895,1746.121,24.352,10.2,121.5,ES-03,EMT-010,clean
INT-0434,2026-07-26T11:03:18Z,54.1884,21.4427,X,9.113,238.286,0.662,17.2,115.3,ES-AIR-1,EMT-023,clean
INT-0435,2026-07-26T14:28:45Z,55.0928,19.6817,F,0.73,4100.0,45.0,6.7,90.0,ES-03,,ambiguous
INT-0436,2026-07-26T03:37:40Z,54.9932,21.8279,L,1.297,2223.01,29.874,18.6,91.6,ES-02,EMT-002,clean
INT-0437,2026-07-26T10:19:40Z,55.0686,20.9089,X,8.992,233.137,0.655,10.8,90.1,ES-01,EMT-023,clean
INT-0438,2026-07-26T08:32:30Z,54.8475,20.5623,X,9.614,249.333,0.859,27.2,100.1,ES-03,EMT-008,clean
INT-0439,2026-07-26T20:09:40Z,54.4041,20.3993,X,10.524,127.0,1.19,7.1,119.0,ES-03,,unknown
INT-0440,2026-07-26T23:53:20Z,55.0551,20.9462,X,9.124,239.95,0.634,7.5,90.6,ES-03,EMT-023,clean
INT-0441,2026-07-26T09:59:36Z,55.3333,20.7552,C,5.208,871.993,1.548,23.8,79.5,ES-03,EMT-003,clean
INT-0442,2026-07-26T04:59:50Z,54.8978,20.6647,X,9.977,276.385,0.807,26.4,97.5,ES-03,EMT-008,clean
INT-0443,2026-07-26T09:41:59Z,55.0187,20.7633,C,4.96,100.0,0.25,26.7,92.3,ES-03,,ambiguous
INT-0444,2026-07-26T08:22:48Z,54.9277,20.7889,C,5.082,964.984,1.318,9.5,95.9,ES-01,EMT-003,clean
INT-0445,2026-07-26T09:16:45Z,56.5243,27.5557,L,1.56,1400.0,11.0,17.9,70.9,ES-01,,ambiguous
INT-0446,2026-07-26T16:00:18Z,54.492,20.2267,Ku,14.794,173.165,0.433,8.2,117.9,ES-03,EMT-022,clean
INT-0447,2026-07-26T14:33:57Z,54.862,20.8046,C,5.19,843.377,1.358,19.7,98.4,ES-01,EMT-003,clean
INT-0448,2026-07-26T18:13:20Z,54.1628,20.5445,S,2.923,2861.371,18.558,11.5,124.9,ES-AIR-1,EMT-001,clean
INT-0449,2026-07-27T03:52:53Z,55.0339,20.8854,X,9.204,250.79,0.821,7.7,91.5,ES-03,EMT-023,clean
INT-0450,2026-07-26T00:20:00Z,54.8664,19.4693,UHF,0.418,0.0,0.0,27.1,108.7,ES-01,EMT-013,clean
INT-0451,2026-07-26T10:22:16Z,55.4079,20.7888,S,2.779,1542.675,19.956,21.0,76.7,ES-02,EMT-021,clean
INT-0452,2026-07-26T11:17:16Z,55.4238,20.696,C,5.362,985.637,1.647,22.3,75.7,ES-AIR-1,EMT-003,clean
INT-0453,2026-07-25T22:44:39Z,55.4761,19.4675,X,8.951,246.426,0.944,27.7,60.0,ES-01,EMT-014,clean
INT-0454,2026-07-25T23:15:38Z,54.3465,20.3693,F,0.888,1856.671,24.521,14.9,121.4,ES-03,EMT-010,clean
INT-0455,2026-07-26T00:01:55Z,58.9742,24.6749,C,4.78,3500.0,30.5,8.3,39.2,ES-02,,ambiguous
INT-0456,2026-07-26T10:33:36Z,54.8344,20.8262,C,5.096,877.649,1.601,20.3,99.3,ES-03,EMT-003,clean
INT-0457,2026-07-26T01:42:42Z,59.3617,26.4491,S,2.892,2864.146,20.026,11.2,42.6,ES-03,EMT-001,clean
INT-0458,2026-07-26T10:22:52Z,56.4688,24.6617,S,2.959,1626.256,17.925,7.2,66.5,ES-01,EMT-021,clean
INT-0459,2026-07-26T17:48:48Z,55.1769,28.5385,X,9.25,245.0,0.8,27.8,85.0,ES-01,,ambiguous
INT-0460,2026-07-25T23:58:40Z,54.8239,20.0968,C,7.147,372.635,1.064,8.4,104.2,ES-03,EMT-020,clean
INT-0461,2026-07-26T19:42:46Z,55.5506,19.4963,S,3.05,1350.0,13.25,11.2,56.0,ES-01,,ambiguous
INT-0462,2026-07-26T19:23:06Z,54.8017,20.3892,Ku,15.983,117.2,0.82,15.8,103.1,ES-01,,unknown
INT-0463,2026-07-27T06:37:50Z,55.2481,20.7139,C,5.216,909.983,1.58,10.2,82.9,ES-01,EMT-003,clean
INT-0464,2026-07-26T06:52:00Z,55.0399,19.5989,X,9.65,640.0,0.9,25.0,94.1,ES-02,,ambiguous
INT-0465,2026-07-26T07:01:30Z,55.3764,20.8038,L,1.56,1500.0,10.0,7.8,78.0,ES-01,,ambiguous
INT-0466,2026-07-27T06:13:30Z,54.9249,19.6083,X,10.037,314.956,0.703,27.3,102.6,ES-02,EMT-006,clean
INT-0467,2026-07-26T23:10:10Z,55.2941,20.2821,C,5.962,323.511,1.11,17.7,79.5,ES-03,EMT-019,clean
INT-0468,2026-07-26T11:47:36Z,59.7844,27.8541,C,5.089,863.219,1.155,21.0,43.7,ES-03,EMT-003,clean
INT-0469,2026-07-26T01:40:16Z,54.7814,19.739,X,9.2,230.603,0.532,26.4,110.5,ES-03,EMT-024,clean
INT-0470,2026-07-27T06:24:40Z,54.3318,21.0723,Ku,14.909,177.911,0.544,20.1,114.5,ES-02,EMT-009,clean
INT-0471,2026-07-26T02:45:12Z,55.039,18.6261,X,8.3,275.0,0.95,8.3,108.0,ES-02,,ambiguous
INT-0472,2026-07-27T05:31:12Z,56.5153,24.6553,S,2.826,1494.044,18.619,7.2,65.8,ES-02,EMT-021,clean
INT-0473,2026-07-27T07:57:42Z,55.4064,20.9044,S,2.924,1612.951,17.293,17.8,77.3,ES-03,EMT-021,clean
INT-0474,2026-07-26T18:44:42Z,55.0626,19.591,X,10.071,301.49,0.841,8.5,92.4,ES-02,EMT-006,clean
INT-0475,2026-07-27T03:54:10Z,55.3257,20.5985,S,2.934,1438.074,18.814,26.3,79.3,ES-02,EMT-021,clean
INT-0476,2026-07-25T21:18:00Z,54.8958,20.1623,C,7.218,367.772,1.317,7.5,100.1,ES-02,EMT-020,clean
INT-0477,2026-07-27T04:58:33Z,55.1302,20.8818,X,9.251,245.344,0.64,15.7,87.8,ES-01,EMT-023,clean
INT-0478,2026-07-25T21:19:00Z,54.7317,20.469,VHF,0.164,6263.547,54.862,12.2,105.6,ES-03,EMT-011,clean
INT-0479,2026-07-25T23:27:14Z,54.4485,20.1451,Ku,14.371,153.541,0.438,13.6,120.7,ES-02,EMT-022,clean
INT-0480,2026-07-26T19:36:00Z,56.0755,19.5047,VHF,0.161,5635.944,55.716,19.7,34.4,ES-02,EMT-011,clean
INT-0481,2026-07-26T00:16:52Z,54.8572,20.1492,C,5.112,941.253,1.354,10.5,102.1,ES-02,EMT-003,clean
INT-0482,2026-07-25T23:45:36Z,54.4066,20.4354,S,2.761,2679.711,20.792,12.3,118.5,ES-02,EMT-018,clean
INT-0483,2026-07-26T10:54:33Z,54.8438,20.3622,VHF,0.156,5964.8,57.321,21.9,101.4,ES-AIR-1,EMT-011,clean
INT-0484,2026-07-27T08:11:16Z,54.7619,20.1384,Ku,12.0,190.0,0.5,7.9,107.0,ES-AIR-1,,ambiguous
INT-0485,2026-07-26T10:58:55Z,59.3381,26.4117,C,6.35,675.0,1.45,18.8,42.7,ES-01,,ambiguous
INT-0486,2026-07-27T03:53:36Z,56.4011,27.7004,L,1.296,2087.221,25.392,20.8,72.3,ES-AIR-1,EMT-002,clean
INT-0487,2026-07-27T02:44:49Z,56.541,27.7273,X,10.921,103.5,0.78,14.1,70.9,ES-01,,unknown
INT-0488,2026-07-26T09:19:44Z,54.8641,20.2449,X,10.295,128.5,0.89,6.5,101.1,ES-AIR-1,,unknown
INT-0489,2026-07-26T01:45:18Z,55.0262,18.6053,C,5.331,910.09,1.518,12.5,112.8,ES-03,EMT-003,clean
INT-0490,2026-07-27T07:26:40Z,54.946,21.7648,L,1.8,2300.0,23.5,15.0,93.0,ES-03,,ambiguous
INT-0491,2026-07-26T04:06:29Z,54.3226,20.4199,Ku,14.721,167.293,0.431,21.5,121.5,ES-01,EMT-022,clean
INT-0492,2026-07-27T05:49:24Z,54.6532,19.5804,X,9.34,219.215,0.56,27.6,120.7,ES-AIR-1,EMT-024,clean
INT-0493,2026-07-26T16:12:11Z,54.7347,20.4942,VHF,0.162,6455.927,63.127,7.4,105.3,ES-01,EMT-011,clean
INT-0494,2026-07-26T18:51:24Z,56.0623,19.4687,C,6.4,1640.0,10.4,21.4,34.0,ES-02,,ambiguous
INT-0495,2026-07-26T15:11:45Z,55.1276,18.6586,C,5.189,943.708,1.576,8.7,82.2,ES-01,EMT-003,clean
INT-0496,2026-07-26T20:03:44Z,54.4044,20.361,S,3.558,1674.5,32.17,13.3,119.5,ES-03,,unknown
INT-0497,2026-07-26T09:04:18Z,55.369,20.698,S,2.943,1494.818,18.341,22.9,77.9,ES-03,EMT-021,clean
INT-0498,2026-07-27T02:56:54Z,54.8189,20.7028,S,3.465,1160.0,1.1,13.3,100.5,ES-02,,ambiguous
INT-0499,2026-07-27T10:30:03Z,54.2973,20.1509,L,1.021,1944.289,1.0,15.0,126.1,ES-AIR-1,EMT-017,clean
INT-0500,2026-07-27T03:21:40Z,54.2022,20.1439,F,0.974,2069.934,1.18,21.5,129.3,ES-03,EMT-017,clean
